Title,Price,Rating,RatingNum
PlayStation 4 Slim 1TB Console,364.95,4,19
"Wireless Controller for PS4, Remote Gamepad for Playstation 4 Wireless Gaming Controller - Glacier White",36.99,,
Sony PlayStation 4 Pro - Game Pad Supported - Wireless - Black - AMD Radeon - 3840 x 2160 - 16:9 - 2160p - Blu-ray Disc Player - 1 TB HDD - Gigabit Ethernet - Bluetooth - Wireless LAN - HDMI - USB ...,399.0,5,12
Limited Edition Days of Play PlayStation 4 Slim 1TB Console,595.0,5,3
"Wireless Controller for PS4, Remote Gamepad for Playstation 4 Wireless Gaming Controller - Magma Red",36.99,,
PlayStation 4 Slim 1TB Console,364.95,4,19
PlayStation 4 Slim 1TB Console,359.95,5,3
PlayStation 4 Pro 1TB console,549.99,4,19
PlayStation 4 PS4 Dualshock 4 Wireless Controller Jet Black NEW,29.98,3,4
HDMI Port Soket Replacement for Sony PS4,6.99,,
New 6pcs Analog Stick Joystick Replacement for XBox One PS4 Controller,8.2,,
PlayStation 4 Slim 1TB Console - Call of Duty: Black Ops 4 Bundle,499.98,,
New 2Pcs Analog Joystick Replacement Repair Parts for PS4 Xbox One Controller,5.7,,
PlayStation Classic,78.95,5,7
PlayStation 4 Slim 1TB Console - Fortnite Bundle,389.99,,
Dobe Smart Clip Mobile Phone Controller Holder For Sony PS4 Dual Shock 4,8.5,,
New 6pcs Analog Stick Joystick Replacement for XBox One PS4 Controller,8.3,,
Conductive Film Buttons Repair Part For PS4 Controller DualShock JDM-040,5.25,,
Predator: Hunting Grounds PS4,42.99,,
Replacement Conductive Film Ribbon Circuit Board For PS4 Dual shock Controller,5.29,,
New 5Sets Silicone Rubber Button Contact Conductive Pads Set for PS4 Controller,6.5,,
New USB Charging Port Board 14 Pin JDS-001 For Sony PS4 Controller Dualshock,5.54,,
DualShock 4 Wireless Controller for PlayStation 4 - Electric Purple,39.99,,
PlayStation 4 Pro 1TB Limited Edition The Last of Us Part 2 Console Bundle - Black,596.0,,
"Playstation 4 Slim Bundle - God of War, The Last of US Remastered, and Horizon Zero Dawn",418.78,5,4
PlayStation 4 PRO 1TB Bundle - Red Dead Redemption 2,599.0,5,3
The Fourth Generation With Lights Wireless Bluetooth Game Handle for PS4,,,
HDMI Port Socket Connector For PlayStation 4 PRO PS4 PRO CUH-7015B CUH-7115B,7.95,,
NEW Hard Disk Drive Slot Cover For For Sony PlayStation 4 PS4 Slim CUH-2015A,11.0,,
New 14 Pin Flex Ribbon Cable Power Button Charging Board For PS4 Controller,5.2,5,1
Bluetooth 5.0 Audio Transmitter Adapter EDR A2DP SBC Low Latency for Nintendo Switch PS4 TV PC USB Type-C Wireless transmitter?DHL Fast Shipping?,29.99,,
USB Charging Port Socket Board Controller JDS-030 12 Pin Cable for Sony PS4 A227,5.43,,
Replacement HDMI Port Socket Interface Connector For Playstation 4 Slim PS4 Slim,7.95,,
12 Pin USB Charging Port Board JDS-011 For Sony PS4 Dualshock Controller A221,5.34,,
Playstation Marvel's Spider-Man Starter Bundle: Playstation 4 Slim 1TB Console - Black and Marvel's Spider-Man Game,394.99,,
Limited Edition Death Stranding PS4 Pro Bundle - 1TB,599.99,,
PlayStation 4 Black Friday Bundle - Lego Batman 3 and Little Big Planet 3,499.99,,
PlayStation 4 Slim 1TB Console,364.95,4,19
3pin XLR MALE plug to dual 2 FEMALE jack Y SPLITTER cable adaptor 8.5 inch cord,13.0,,
Replacement Built-in Fan Game KSB0912HE for PS4 1100 Model Console,29.99,,
2X USB Charging Port Board JDS-001 for SONY PS4 Controller with 14 pin cable,6.45,,
"Wireless Controller for PS4, Remote Gamepad for Playstation 4 Wireless Pro Gaming Controller  (Silver)",36.99,,
PlayStation 4 Slim 1TB Console (Gold),982.0,,
PlayStation 4 Slim 1TB Console - Marvel's Spider-Man Bundle,499.99,5,2
PlayStation 4 Slim 1TB Console,364.95,5,1
Sony PS4 Controller DualShock 4 Wireless Controller for PlayStation 4 - Sunset Orange,64.99,,
"PlayStation 4 1TB Console with 2020 Sports Bundle - PS4 Slim 1TB Jet Black HDR Gaming Console, Wireless Controller and Games",529.99,,
"Sony PlayStation 4 Slim 1TB Only On PlayStation 3 Games Bundle: God of War, The Last of Us Remastered, and Horizon Zero Dawn: Complete Edition",426.69,,
2 Pack USB 3.1 Type C Female to Micro USB Male Adapter Converter Connector USB-C,10.99,,
"PlayStation VR Starter Bundle (5 Items): VR Starter Bundle, PS4 Pro 1TB, Resident Evil 7: Biohazard VR game disc",899.99,4,2
Bluetooth Game Wireless Controller for PS4,35.9,,
"Playstation 4 Pro 2TB SSHD Console with Dualshock 4 Wireless Controller Bundle, 4K HDR, Playstation Pro Enhanced with Solid State Hybrid Drive",649.0,,
DualShock 4 Wireless Controller for PlayStation 4 - White,39.99,,
"Sony PlayStation 4 Pro 1TB Two Controller Bundle: PlayStation 4 1TB Pro Console Jet Black, 2 DUALSHOCK 4 Wireless Controllers",649.0,,
"PlayStation VR Uncharted 4 Launch Bundle (6 Items): PS4 Slim 500GB Console, Playstation VR Headset, Playstation Camera, 2 Move Motion Controllers, PSVR Worlds Game Disc, and Uncharted 4 Game Disc",794.99,,
Comfort Game Handle Grip For Joy-Con Controller  Switch Joy Con Console,16.0,,
4-Port High Speed USB Hub for PS4 Pro and PS4 Slim - Black,44.95,,
Wired Game Controller for PS4,,,
"PlayStation VR Bundle 3 Items:VR Bundle,PlayStation 4 Pro 1TB,VR Game Disc PSVR EV-Valkyrie",899.99,,
PlayStation 4 Pro 1TB Console,474.95,,
"PlayStation VR Bundle - VR Bundle,PlayStation 4 Slim 500GB Console - Uncharted 4,VR Game Disc PSVR Battlezone",829.99,,
The Fourth Generation With Lights Wireless Bluetooth Game Handle for PS4,,,
the sims 4 plus island living bundle  playstation 4,37.05,,
DOBE TP4-1781 Wireless Controller Dual Charging Dock LED Charger Handle Charger for PS4 / Slim / Pro,23.99,,
For  Galaxy A01 Case Marble Rainbow Glitter Bling TPU +Tempered Glass,20.0,,
Playstation 4 Slim 1TB Jet Black Gaming Console Bundle With Borderlands 3 - 2019 New PS4 Game!,409.99,,
tomb raider definitive edition ps4,27.59,,
Shockproof Silicone Case Cover for  TV 4K/4th Gen Siri Remote Controller,11.0,,
3.5mm & USB Bluetooth Adapter Dongle Receiver and Transmitters for Sony PlayStation PS4,13.99,,
2 PCS USB Charging Port Board Controller JDS-030 +12 Pin Cable for Sony PS4 A227,6.14,,
PlayStation 4 Pro 1TB Limited Edition The Last of Us Part 2 Console Bundle - Black,629.99,,
Bluetooth Game Wireless Controller for PS4,35.9,,
PlayStation 4 Pro 1TB Jet Black 4K HDR Gaming Console Bundle With Borderlands 3 - 2019 New PS4 Game!,509.99,,
DualShock 4 Wireless Controller for PlayStation 4 - Sunset Orange,43.99,,
PlayStation 4 Slim 1TB Console,364.95,4,19
the sims 4 plus island living bundle  playstation 4,37.05,,
The Fourth Generation With Lights Wireless Bluetooth Game Handle for PS4,,,
The Fourth Generation With Lights Wireless Bluetooth Game Handle for PS4,,,
The Fourth Generation With Lights Wireless Bluetooth Game Handle for PS4,,,
The Fourth Generation With Lights Wireless Bluetooth Game Handle for PS4,,,
DOBE TP4-1781 Wireless Controller Dual Charging Dock LED Charger Handle Charger for PS4 / Slim / Pro,23.99,,
Zettaguard Dual Charging Station Charger for PS4 Controller,8.95,,
Playstation 4 Slim 1TB Jet Black Gaming Console Bundle With Borderlands 3 - 2019 New PS4 Game!,409.99,,
1080P Full HD Webcam with Microphone for PC Desktop  Laptop USB 2.0 Web Camera,69.0,,
far cry new dawn ps4 ps4,30.54,,
Wired Game Controller for PS4,,,
Wired Game Controller for PS4,,,
OEM Replacement Battery For iPad 3 4 A1389 616-0591 616-0592 A1460 A1459 A1458,27.0,,
PS4 Pro Vertical Stand for Playston 4 Pro Built-in Cooling Vents and Non-slip,25.0,,
6 12 18 pcs Analog Stick Joystick Replacement for XBox One PS4 DS4 Controller,15.88,,
For  Galaxy Note 9 Case Carbon Fiber Armor Cover+Full Coverage TPU Screen,18.0,,
For  Playston PS3 Wireless Controller Remote Control USB Charger Cable,10.99,,
2X Replacement HDMI Port Socket Interface Connector For Sony PlayStation 4 PS4,6.8,,
Replacement Conductive Film Flex Ribbon Cable for PS4 JDM-030 Controller,6.64,,
Replacement HDMI Port Socket Interface Connector For Playstation 4 Slim PS4 Slim,7.95,,
New USB Charging Port Board 14 Pin JDS-001 For Sony PS4 Controller Dualshock,5.6,,
500 Million Limited Edition PS4 Pro Console,1808.0,,
PlayStation 4 Slim 1TB Console - Call of Duty WWII Limited Edition,719.0,5,1
Sony PS4 Controller DualShock 4 Wireless Controller for PlayStation 4 - Berry Blue,64.99,,
Sony PS4 Controller DualShock 4 Wireless Controller for PlayStation 4 - Blue Camouflage,64.99,,
Sony PS4 Controller DualShock 4 Wireless Controller for PlayStation 4 - Red Camo,64.99,,
Sony PS4 Controller DualShock 4 Wireless Controller for PlayStation 4 - Gold,64.99,,
"PlayStation VR Start Bundle 4 Items:VR Headset,Move Controller,PlayStation Camera Motion Sensor,PlayStation 4 Slim 500GB Console - Uncharted 4",794.99,,
Sony PS4 Controller DualShock 4 Wireless Controller for PlayStation 4 - Electric Purple,64.99,,
Sony PS4 Controller DualShock 4 Wireless Controller for PlayStation 4 - Rose Gold,64.99,,
Sony PS4 Controller DualShock 4 Wireless Controller for PlayStation 4 - Jet Black,64.99,,
PlayStation 4 Slim 500GB Console - Uncharted 4 Bundle,369.99,4,7
PS4 Wireless Controller -CamoGray,38.99,,
"PlayStation VR Bundle (5 Items): PlayStation 4 Slim 500GB Console with Uncharted 4, VR Headset, Playstation Camera, Move Motion Controllers, Resident Evil 7: Biohazard VR Game Disc",794.99,,
For T-Mobile REVVL Plus Shockproof Brushed Armor Hard Phone Case Cover,15.0,,
Sony Interactive Entertainment - PlayStation VR Marvel's Iron Man VR Bundle,459.99,,
PlayStation 4 Slim 1TB Console,364.95,4,19
Sony PS4 Controller DualShock 4 Wireless Controller for PlayStation 4 - Electric Purple,64.99,,
Sony PS4 Controller DualShock 4 Wireless Controller for PlayStation 4 - Rose Gold,64.99,,
Sony PS4 Controller DualShock 4 Wireless Controller for PlayStation 4 - Jet Black,64.99,,
PlayStation 4 Slim 500GB Console - Call of Duty Infinite Warfare Bundle,715.0,4,7
"Mytrix Playstation 4 Pro 2TB Console with DualShock 4 Wireless Controller Bundle, PS4 Pro Enhanced by Mytrix",599.99,,
Sony PS4 Controller DualShock 4 Wireless Controller for PlayStation 4 - Titanium Blue,64.99,,
Sony PS4 Controller DualShock 4 Wireless Controller for PlayStation 4 - Silver,64.99,,
Sony PlayStation 4 Pro 1TB Console - Black,568.0,,
Sony PS4 Controller DualShock 4 Wireless Controller for PlayStation 4 - Glacier White,64.99,,
greedfall  playstation 4 ps4,96.23,,
star wars battlefront ii  playstation 4,32.63,,
PS4 Wireless Controller -CamoGray,38.99,,
Sony Interactive Entertainment - PlayStation VR Marvel's Iron Man VR Bundle,459.99,,
Sony PS4 Controller DualShock 4 Wireless Controller for PlayStation 4 - Magma Red,64.99,,
Sony PS4 Controller DualShock 4 Wireless Controller for PlayStation 4 - Midnight Blue,64.99,,
Sony PS4 Controller DualShock 4 Wireless Controller for PlayStation 4 - Wave Blue,64.99,,
Sony PlayStation 4 Pro 1TB Console - Jet Black,479.99,,
Sony PS4 Controller DualShock 4 Wireless Controller for PlayStation 4 - Green Camouflage,64.99,,
atari flashback classics collection vol.2 ps4,21.12,,
"PlayStation VR Start Bundle 5 Items:VR Headset,Move Controller,PlayStation Camera Motion Sensor,PlayStation 4 Slim 500GB Console - Uncharted 4,VR Game Disc PSVR Battlezone",794.99,,
Sony PS4 Controller DualShock 4 Wireless Controller for PlayStation 4 - Steel Black,64.99,,
For T-Mobile REVVL Plus Shockproof Brushed Armor Hard Phone Case Cover,13.0,,
"Mytrix Playstation 4 Slim 2TB SSHD Console with DualShock 4 Wireless Controller Bundle, Playstation Enhanced with 2TB Solid State Hybrid Drive",599.99,,
"PlayStation 4 Fortnite Neo Versa Bundle: 1TB Jet Black PlayStation 4 Slim Console, DualShock 4 Wireless Controller, Epic Neo Versa Outfit, Epic Neo Phrenzy Back Bling, and 500 V-Bucks",368.99,,
tom clancy the division /ps4,32.89,,
Sony PlayStation 4 PS4 Slim 1TB Console 3 Game Bundle FREE Fast DELIVERY,638.89,,
"PlayStation VR Bundle (4 Items): PlayStation 4 Slim 500GB Console - Uncharted 4, VR Headset, Playstation Camera, Batman: Arkham VR Game Disc",734.99,,
resident evil 5  standard edition  playstation 4,28.26,,
PlayStation 4 Slim 1TB Console Hits 5- Bundle CD Game Days Gone /Detroit: Become Human/Tom Clancys Rainbow Six Siege,419.99,,
"PlayStation VR Bundle 4 Items:VR Headset,Playstation Camera,PlayStation 4 Slim 500GB Console - Uncharted 4,VR Game Disc PSVR EVE-Valkyrie",734.99,,
"PlayStation 4 1TB Console with NBA 2K21 Mamba Forever Edition - PS4 Slim 1TB Jet Black HDR Gaming Console, Wireless Controller and Game",489.99,,
pro evolution soccer pes 2020 ps4,30.88,,
"PlayStation 4 Pro 1TB Console with NBA 2K21 Mamba Forever Edition - PS4 Pro 1TB Jet Black 4K HDR Gaming Console, Wireless Controller and Game",609.99,,
Playstation 4 VR Creed and Superhot Pro Bundle: Play Playstation 4 Pro 1TB Console and Playstation VR Creed Rise to Glory and Superhot VR,930.99,,
"Playstation 4 Slim Bundle - God of War, The Last of US Remastered, and Horizon Zero Dawn",638.0,,
"Mytrix Playstation 4 Slim 2TB SSD Console with DualShock 4 Wireless Controller Bundle, Playstation Enhanced with 2TB Solid State Drive",649.99,,
PlayStation 4 Slim 1TB Console,364.95,4,19
"Mytrix Playstation 4 Slim 1TB SSD Console with DualShock 4 Wireless Controller Bundle, Playstation Enhanced with 1TB Solid State Drive",499.99,,
Sony PlayStation 4 PS4 Slim 1TB Console FREE 2-3 DAY SHIPPING,519.99,,
"Mytrix Playstation 4 Slim 2TB SSD Console with DualShock 4 Wireless Controller Bundle, Playstation Enhanced with 2TB Solid State Drive",649.99,,
"Playstation 4 Slim Bundle - God of War, The Last of US Remastered, and Horizon Zero Dawn",638.0,,
"PlayStation VR Bundle 3 Items:VR Bundle,PlayStation 4 Pro 1TB,VR Game Disc PSVR DriveClub",899.99,,
DualShock 4 Wireless Controller for PlayStation 4 - Magma Red,39.99,,
resident evil 5  standard edition  playstation 4,28.26,,
call of duty: wwii ps4 uk import region free,39.33,,
"PlayStation 4 Pro Limited Edition The Last of Us Part 2 Bundle with the Collector's Edition - PS4 Pro 1TB Limited Console, Controller, and The Last of Us Part II Collector's Edition",869.99,,
PlayStation 4 The Last of Us Part 2 Bundle - PS4 Slim 1TB Jet Black Gaming Console Bundle With The Last of Us Part II - New Game!,429.99,,
f1 2019 anniversary edition  ps4  playstation 4,47.77,,
"Mytrix Playstation 4 Slim 2TB SSHD Console with DualShock 4 Wireless Controller Bundle, Playstation Enhanced with 2TB Solid State Hybrid Drive",599.99,,
"PlayStation 4 Pro Limited Edition The Last of Us Part 2 Bundle - PS4 Pro 1TB Limited Console, Controller, and The Last of Us Part II Steel Book Game Disc with Digital Content",629.99,,
PS4 Wireless Controller -CamoBlue,38.99,,
borderlands 3 ps4,31.9,,
contra rogue corps  playstation 4,31.92,,
PS4 DualShock 4 Playstation 4 Wireless Controller - Custom AimControllers WWII Special Edition with Standard 4 Paddles.,169.99,,
"PlayStation 4 Pro Fortnite Neo Versa Bundle: 1TB Jet Black PlayStation 4 Pro Console, DualShock 4 Wireless Controller, Epic Neo Versa Outfit, Epic Neo Phrenzy Back Bling, and 500 V-Bucks",479.99,,
lords of the fallen playstation 4 complete edition,60.7,,
dragons dawn of new riders ps4,44.84,,
DualShock 4 Wireless Controller for PlayStation 4 - Gold,39.99,,
Bluetooth Wireless Joystick Gamepad For PS4 Controller Fit For Playstation Dualshock 4 Joystick For PS4 Controller Charger,38.7,,
"PlayStation 4 1TB Console with The Last of Us and Ghost of Tsushima - PS4 Slim 1TB Jet Black HDR Gaming Console, Wireless Controller and Games",519.99,,
sekiro shadows die twice collector's edition ps4,555.81,,
PlayStation 4 The Last of Us Part 2 Collector's Edition Bundle - PS4 Slim 1TB Jet Black Gaming Console Bundle With The Last of Us Part II Collector's Edition,599.99,,
DualShock 4 Wireless Controller for PlayStation 4 - Berry Blue,39.99,,
PS4 DualShock 4 Playstation 4 Wireless Controller - Custom AimController Sticker Bomb Design with 4 Paddles and Interchangeable AiM Sticks,139.99,,
Playstation 4 Slim 1TB Jet Black Gaming Console Bundle With Star Wars: Jedi Fallen Order - 2019 New PS4 Game!,419.99,,
Playstation 4 Slim 1TB Jet Black Gaming Console Bundle With an Extra Black DualShock 4 Wireless Controller,429.99,,
"PlayStation 4 1TB Console with Ghost of Tsushima - PS4 Slim 1TB Jet Black HDR Gaming Console, Wireless Controller and Game",449.99,,
"Gaming Driving Force Shifter â€“ Compatible with G29 and G920 Driving Force Racing Wheels for Playstation 4, Xbox One, and PC",86.99,,
Optical Illusion 3D Christmas Tree Lighting,58.0,,
The Fourth Generation With Lights Wireless Bluetooth Game Handle for PS4,,,
The Fourth Generation With Lights Wireless Bluetooth Game Handle for PS4,,,
capcom marvel vs infinite ps4,34.66,,
PlayStation 4 Pro The Last of Us Part 2 Bundle - PS4 Pro 1TB Jet Black 4K HDR Gaming Console Bundle With The Last of Us Part II - New Game!,534.99,,
PlayStation 4 Slim 1TB Console,364.95,4,19
"PlayStation 4 Pro 1TB Console with Madden NFL 21 - PS4 Pro 1TB Jet Black 4K HDR Gaming Console, Wireless Controller and Game",549.99,,
"PlayStation 4 Pro 1TB Console with NBA 2K21 Mamba Forever Edition - PS4 Pro 1TB Jet Black 4K HDR Gaming Console, Wireless Controller and Game",609.99,,
"PlayStation VR Bundle (4 Items): PlayStation 4 Pro 1TB Console, VR Headset, Playstation Camera, PSVR Driveclub Game Disc",829.99,,
"PlayStation VR Starter Bundle (5 Items): PlayStation 4 Pro 1TB Console, VR Headset, 2 Move Motion Controllers, PlayStation Camera, and PSVR Battlezone Game Disc",899.99,,
PlaySton 4 Pro 1TB Console - Black PS4 Pro,956.0,,
"PlayStation VR Bundle 3 Items:VR Bundle,PlayStation 4 Pro 1TB,VR Game Disc: PSVR Battlezone",999.99,,
For LG V40 ThinQ Shockproof Bling Glitter Armor Hard Phone Case Cover Accessory,16.0,,
Playstation 4 Slim 1TB Jet Black Gaming Console Bundle With an Extra Berry Blue DualShock 4 Wireless Controller,429.99,,
Sony PlayStation 4 Slim 1TB NHL 19 Console Bundle,499.0,,
among the sleep  playstation 4,75.97,,
8 Set Sword Play Set With Unique And Different Swords Such a,69.0,,
Aluminum USB C Hub 7-in-1 Adapter 4K HDMI Card Reader USB 3.0 100W PD Charging,64.0,,
grid  ultimate edition playstation 4  playstation 4 ultimate edition,58.19,,
PS4 Wireless Controller -CamoRed,38.99,,
OEM Replacement Battery for  iPad 2 2nd Gen Generon Part Repair w/ Tools,31.0,,
legendary fishing ps4,31.45,,
In-Ear Wired Sport Running Earphone Earbuds Over ear Hook Headphone 3.5mm w/MIC,29.0,,
Sony PlayStation 4 Pro 1TB Call of Duty: Modern Warfare Bundle,529.99,,
"PlayStation VR Start Bundle 5 Items:VR Headset,Move Controller,PlayStation Camera Motion Sensor,PlayStation 4 Slim 500GB Console - Uncharted 4,VR Game Disc PSVR Battlezone",794.99,,
"PlayStation VR Bundle 3 Items:VR Bundle,PlayStation 4 Slim 500GB Console - Uncharted 4,VR Game Disc PSVR EV-Valkyrie",829.99,,
Osmo Pocket Handheld 3 Axis Gimbal Stabilizer with Integrated Camera,969.0,,
For LG V40 ThinQ Shockproof Bling Glitter Armor Hard Phone Case Cover Accessory,19.0,,
For T-Mobile REVVL Plus Shockproof Brushed Armor Hard Phone Case Cover,13.0,,
DualShock 4 Wireless Controller for PlayStation 4 - Jet Black,39.99,,
madden nfl 20 ps4,39.16,,
PlayStation 4 Console - Call of Duty: Black Ops 3 Limited Edition 1TB Bundle,988.0,,
tropico 5 ps4  playstation 4 limited special edition,63.1,,
dead or alive 6 ps4,32.29,,
medievil ps4 ps4,26.71,,
"PlayStation VR Bundle - VR Bundle, PlayStation 4 Slim 500GB Console - Uncharted 4",829.99,,
"PlayStation VR Bundle (3 Items): PlayStation 4 Pro 1TB Console, Playstation VR Bundle, PSVR Until Dawn: Rush of Blood Game Disc",999.99,,
Pressure Switch for Craftsman 919 Air Compressor,95.0,,
For PS4 Pro / Slim Vertical Stand + Cooling Fan Controller Charging Dock Station Playstation 4,37.99,,
"PlayStation 4 Pro 1TB Console with The Last of Us and Ghost of Tsushima - PS4 Pro 1TB Jet Black 4K HDR Gaming Console, Wireless Controller and Games",639.99,,
rage 2  ps4,39.28,,
PlayStation 4 Pro The Last of Us Part 2 Collector's Edition Bundle - PS4 Pro 1TB Jet Black 4K HDR Gaming Console Bundle With The Last of Us Part II Collector's Edition,699.99,,
PlayStation 4 Slim 1TB Console,364.95,4,19
PlayStation 4 Pro Console 1TB and VR Launch Bundle,899.99,,
"ps4 controller PS4 Slim DualShock 4 Playstation 4 Wireless Controller - Custom AimController Hive Design with 4 Paddles. Upper Left Square, Lower Left X, Upper Right Triangle, Lower Right O",139.99,,
kingdom hearts iii  ps4 japanese ver.,98.42,,
Sony PS4 Controller DualShock 4 Wireless Controller for PlayStation 4 - Alpine Green,64.99,,
fifa 19/nhl 19 bundle playstation 4,51.12,,
Live Chat Headset Pro Gamer Headset For XBOX ONE,50.0,,
For LG Stylo 6 Hard Clear Phone Case Glitter Sparkle Liquid Quicksand Bling,38.0,,
tower of guns  special edition  playstation 4,37.1,,
Wired NGC Controller Gamepad For  GameCube GC  Wii U Console Colors NEW,32.0,,
"PlayStation 4 Pro 1TB Console with Ghost of Tsushima - PS4 Pro 1TB Jet Black 4K HDR Gaming Console, Wireless Controller and Game",549.99,,
PlayStation 4 Pro 1TB Limited Edition Console - Death Stranding Bundle,617.88,,
"PlayStation VR Bundle - VR Bundle,PlayStation 4 Slim 500GB Console - Uncharted 4, VR Game Disc PSVR Until Dawn, Rush of Blood",829.99,,
"PlayStation VR Bundle (4 Items): PlayStation 4 Pro 1TB Game Console, VR Headset, Playstation Camera, PSVR EVE: Valkyrie Game Disc",899.99,,
nba live 15  playstation 4,20.43,,
For  Galaxy S7 Edge Case Cover With Belt Clip Fits  Defender,21.0,,
Wireless Handle Two Seat Controller Charging Stand With LED Display Light Terminal Interface for PS4,14.3,,
Mini Bluetooth Wireless Keyboard For Sony PS4 PlayStation 4 Controller Gamepad,14.6,,
Super Retro TRIO Plus for  NES/SNES/Sega Genesis - 3 in 1,202.0,,
"Mytrix Playstation 4 Slim 2TB Console with DualShock 4 Wireless Controller Bundle, Playstation Enhanced by Mytrix",399.99,,
Super Retro TRIO Plus 3 in 1 System Red-Black,176.0,,
"Aluminum USB Type-C Hub Adapter w/3 USB 3.0, SD/TF Card Reader for iMac Macbook",165.0,,
wwe 2k17 nxt edition  playstation 4,157.39,,
"ZIOSTAND Racing Steering Wheel Stand Compatible with Logitech G29, G920, G27 & G25 Wheels, Deluxe, Original V2. Wheel and Pedals Not Included",,,
"PlayStation 4 1TB Console with Madden NFL 21 - PS4 Slim 1TB Jet Black HDR Gaming Console, Wireless Controller and Game",419.99,,
USB C HUB Type-C Adapter 4K HDMI USB 3.0 Charging for Macbook Pro  More,95.0,,
"Premiere | HD/4K/HDR Streaming Media Player, includes HDMI Cable",75.0,,
UE 4000 On-Ear Stereo 3.5mm Wired Headset Headphones Microphone Black,72.0,,
"2 Blades   Pony Bronco Colt XP Mowers w/ 42"" Decks 942-04308 GENUINE",67.0,,
p4 minecraft,61.82,,
Hair Stylist Fashion Pretend Play Set,62.0,,
trover saves the universe psvr ps4,53.41,,
Hand Operated Swift Yarn Wool String Roll Ball Thread Skein Winder Machine USA,55.0,,
lost sphear  playstation 4 ps4,51.76,,
Aluminum USB C Hub Type-C Adapter w/ 4 USB 3.0 Ports for Macbook/Pro/Air,49.0,,
wreckfest ps4,44.87,,
steep winter games edition ps4,44.23,,
PlayStation 4 Slim 1TB Console,364.95,4,19
The Fourth Generation With Lights Wireless Bluetooth Game Handle for PS4,,,
The Fourth Generation With Lights Wireless Bluetooth Game Handle for PS4,,,
PS4 Wireless Controller -CamoGray,38.99,,
goodbye deponia ps4 international,36.58,,
Bluetooth Game Wireless Controller for PS4,35.9,,
deponia doomsday ps4 international,36.58,,
4PK Tiller Belts Fit Troy Bilt GW-1128 1128 1108455 1705033,29.0,,
god of war playstation hits ps4,25.7,,
PlayStation 4 Pro 1TB Jet Black 4K HDR Gaming Console Bundle With an Extra Black DualShock 4 Wireless Controller,539.99,,
Sony PlayStation 4 Pro 1TB Console Bundle / Marvel's Spider-Man: Game of The Year Edition | Blu-ray Disc Player | Wi-Fi | AMD Processor | HDMI Cable,589.0,,
"PlayStation 4 Pro 1TB Console with 2020 Sports Bundle - PS4 Pro 1TB Jet Black 4K HDR Gaming Console, Wireless Controller and Games",639.99,,
"PlayStation VR  Bundle (3 Items): PlayStation 4 Slim 500GB Console - Uncharted 4, VR Headset, Playstation Camera",734.99,,
"PlayStation VR Bundle (4 Items): PlayStation 4 Pro 1TB Game Console, VR Headset, Playstation Camera, RIGS Mechanized Combat League VR Game Disc",829.99,,
"PlayStation VR Bundle 3 Items:VR Bundle,PlayStation 4 Slim 500GB Console - Uncharted 4,VR Game Disc RIGS Mechanized Combat League",829.99,,
"PlayStation VR Bundle (4 Items): PlayStation 4 Pro 1TB Console, VR Headset, Playstation Camera, PSVR Battlezone Game Disc",829.99,,
"PlayStation VR Bundle (4 Items): PlayStation 4 Pro 1TB Game Console, VR Headset, Playstation Camera, Arkham VR Game Disc",829.99,,
"PlayStation VR Starter Bundle (5 Items): PlayStation 4 Pro 1TB Game Console, VR Headset, 2 Move Motion Controllers, PlayStation Camera, Batman: Arkham VR Game Disc",899.99,,
"PlayStation VR Starter Bundle (5 Items): PlayStation 4 Pro Console 1TB, VR Headset, 2 Move Motion Controllers, PlayStation Camera, PSVR DriveClub Game Disc",899.99,,
"PlayStation VR Starter Bundle (4 Items): PlayStation 4 Pro 1TB Console, VR Headset, 2 Move Motion Controllers, and PlayStation Camera",899.99,,
PlaySton 4 Pro 1TB Console - Black PS4 Pro,990.0,,
For  iPhone XS Max/XR/XS Carbon Fiber Phone Case Cover+Clear Tempered Glass,22.0,,
For  Galaxy A01 Case Marble Rainbow Glitter Bling TPU +Tempered Glass,20.0,,
PS4 Pro Vertical Stand for Playston 4 Pro Built-in Cooling Vents and Non-slip,23.0,,
2x For  OEM USB-C Type C Cable Fast Charging Cord Galaxy S8 Note LG WHITE,10.99,,
Flame 2 Portable Indoor/Outdoor Wireless Bluetooth Speaker,289.0,,
PL-9703P 36 watt 7.5 inch Dual Row L LED Light Bar-Clear,240.0,,
Decora Bluetooth Clock Radio Lifestyle System,200.0,,
Rove 2 Portable Waterproof Bluetooth Speaker,173.0,,
Mini LED Quadcopter For Beginners Red,167.0,,
"Aluminum USB Type-C Hub Adapter w/3 USB 3.0, SD/TF Card Reader for iMac Macbook",165.0,,
"R/C School Bus Radio Control Toy Car for kids with Steering Wheel Remote, Lights",145.0,,
PS4 Slim DualShock Custom Playstation 4 Wireless Controller - Custom AimController Genesis design with 4 Paddles.,139.99,,
PS4 Slim DualShock 4 Custom Wireless Controller - AiMController Storm Green Design with 4 Paddles,139.99,,
"PS4 Slim DualShock 4 Playstation 4 Wireless Controller - Custom AimController Joker Red with 4 Paddles. Upper Left Square, Lower Left X, Upper Right Triangle, Lower Right O",139.99,,
"PS4 Custom Controller- AiM Storm Red Design with 4 Paddles.Upper Left Square, Lower Left X, Upper Right Triangle, Lower Right O",139.99,,
"ZIOSTAND Racing Steering Wheel Stand Compatible with Logitech G29, G920, G27 & G25 Wheels, Deluxe, Original V2. Wheel and Pedals Not Included",,,
PlayStation 4 Slim 1TB Console,364.95,4,19
"Aluminum USB Type-C Hub Adapter w/3 USB 3.0, SD/TF Card Reader for iMac Macbook",165.0,,
PS4 Slim DualShock Custom Playstation 4 Wireless Controller - Custom AimController Genesis design with 4 Paddles.,139.99,,
PS4 Slim DualShock 4 Custom Wireless Controller - AiMController Storm Green Design with 4 Paddles,139.99,,
"PS4 Custom Controller- AiM Storm Red Design with 4 Paddles.Upper Left Square, Lower Left X, Upper Right Triangle, Lower Right O",139.99,,
"PS4 Slim DualShock 4 Playstation 4 Wireless Controller - Custom AimController Joker Red with 4 Paddles. Upper Left Square, Lower Left X, Upper Right Triangle, Lower Right O",139.99,,
"New Adjust Stage DJ T Bar Tripod Bar Light Stand 57.09"" to 127.95""",115.0,,
"ZIOSTAND Racing Steering Wheel Stand Compatible with Logitech G29, G920, G27 & G25 Wheels, Deluxe, Original V2. Wheel and Pedals Not Included",,,
FREEDOM 2 In-Ear Wireless Bluetooth Sport Headphones With SpeedFit,125.0,,
Tough XL- Ultimate Rugged Waterproof Wireless Bluetooth Speaker,409.0,,
2 Colors Contemporary Designed Retro Modern Wooden PU Single Recreonal Chair,480.0,,
"Oven Heng Element Replaces Kenmore 316075104, 316075103",91.0,,
Mini Quadcopter Drone With LED Lights,87.0,,
X2 In-Ear Sport Wireless Bluetooth Earbuds Headphones Headset Sweatproof,86.0,,
Switch Power Pack Case,85.0,,
Memory Foam Keyboard Wrist Rest Pad Mouse Pad Wrist Support Ergonomic Cushion,80.0,,
PL-2074B 12 Volt 55 2- Piece Rectangular Driving Light Kit-Blue,79.0,,
N30 Pro2 Wireless Bluetooth GamePad Controller - Black Edition,81.0,,
Take Apart Build Your Own Cement Mixer Truck,77.0,,
disgaea 1 complete ps4,75.94,,
PL-2055C 12 Volt 55 2-Piece Rectangular Driving Light Kit-Clear,74.0,,
"Wireless Game Controller Gamepad for Sony PS4, Windows Computer Laptop PC",69.98,,
"italeri 36508 world of tanks wot chinese type 59 tank plastic model kit with wot bonus code, 1:35 scale",73.73,,
Aluminum USB C Hub 7-in-1 Adapter 4K HDMI Card Reader USB 3.0 100W PD Charging,71.0,,
USB C HUB Type-C Adapter 4K HDMI USB 3.0 Charging for Macbook Pro  More,68.0,,
Wired NGC Controller Gamepad For  GameCube GC  Wii U Console Colors NEW,63.0,,
everspace stellar edition ps4,55.76,,
12-Pack Dinosaur Skeleton Fossil Excavon Kit,62.0,,
"Express+ | HD Streaming Media Player, incl. Voice Remote, HDMI cable 2019",62.0,,
For  Switch Protective Tough Pouch Case Zelda: Link's Awakening,53.0,,
21 in 1 Multimeter Test Lead Kit Electrical Alligator Clip Test Probe Plug Set,53.0,,
OEM Replacement Disc DVD Drive For   VAD6038 HOP-141X Original USA,56.0,,
"6"" x 8"" Decal Devil Girl LT-90105-2",52.0,,
burnout paradise remastered ps4,51.68,,
PS4 Wireless Controller for PlayStation 4-CamoGray,49.99,,
PS4 Wireless Controller for PlayStation 4-Black,49.99,,
5M 16.4Ft LED WiFi Strip Light 5050 RGB SMD LED Waterproof Fit Alexa Google Home,50.0,,
PlayStation 4 Slim 1TB Console,364.95,4,19
For  Galaxy A51 4G Case Magnetic Support Metal Ring Stand +Tempered Glass,45.0,,
PS4 Controller-CamoGray,43.99,,
PS4 Controller-CamoGray,43.99,,
PS4 Wireless Controller-CamoGray,43.99,,
PS4 Controller-Red,43.99,,
PS4 Wireless Controller-White,43.99,,
PS4 Wireless Controller-CamoRed,43.99,,
PS4 Wireless Controller-Red,43.99,,
Sony_PS4 controller,43.99,,
PS4 Wireless Controller for PlayStation 4-White,43.99,,
PS4 Controller-Red,43.99,,
PS4 Controller-Black,43.99,,
PS4 Wireless Controller for PlayStation 4-CamoBlue,43.99,,
PS4 Controller-CamoGreen,43.99,,
PS4 Controller-CamoBlue,43.99,,
PS4 Wireless Controller-CamoBlue,43.99,,
PS4 Wireless Controller for PlayStation 4-CamoGreen,43.99,,
PS4 Controller-CamoRed,43.99,,
PS4 Controller-White,43.99,,
PS4 Wireless Controller-Black,43.99,,
PS4 Wireless Controller for PlayStation 4-CamoGray,43.99,,
PS4 Controller-CamoRed,43.99,,
PS4 Wireless Controller for PlayStation 4-Black,43.99,,
PS4 Wireless Controller-CamoGreen,43.99,,
PS4 Controller-Black,43.99,,
PS4 Wireless Controller for PlayStation 4-CamoRed,43.99,,
PS4 Controller-CamoGreen,43.99,,
DualShock 4 Wireless Controller for PlayStation 4 - Titanium Blue,43.99,,
PS4 Controller-White,43.99,,
PS4 Wireless Controller for PlayStation 4-Red,43.99,,
PS4 Controller-CamoBlue,43.99,,
torment: tides of numenera ps4,42.54,,
For  Galaxy S7 Edge Case Cover With Belt Clip Fits  Defender,42.0,,
everspace stellar edition ps4,55.76,,
DualShock 4 Wireless Controller for PlayStation 4 - Red Camo,40.99,,
Multi In One Charging Base Bracket Controller Seat Charging Cooling Fan Disc Rack TP4-882 for PS4 SLIM PRO,,,
